<?xml version="1.0" encoding="utf-8" standalone="yes" ?>
<?xml-stylesheet type="text/xsl" href="modx.prosilver.en.xsl"?>
<!--For security purposes, please check: http
://www.phpbb.com/mods/ for the latest version of this MOD. Although MODs are checked before being allowed in the MODs Database there is no guarantee that there are no security problems within the MOD. No support will be given for MODs not found within the MODs Database which can be found at http://www.phpbb.com/mods/-->
<mod xmlns:xsi="http://www.w3.org/2001/XMLSchema-instance" xmlns="http://www.phpbb.com/mods/xml/modx-1.2.2.xsd">
	<header>
		<license>http://opensource.org/licenses/gpl-license.php GNU General Public License v2</license>
		
		<title lang="en">MSSTI Quick Language</title>

		<description lang="en"><![CDATA[Adds a dropdown box into the forum header for quickly switching between availables languages.]]></description>

		<author-notes lang="en"><![CDATA[The mod is setting for display the dropdown box for anonymous users, 
	if you want enable it also for registered users :
		open : root/includes/function_quick_language.php
		find : define('QUICK_LANGUAGE_USER', false);
		replace with : define('QUICK_LANGUAGE_USER', true);	
	
	-------------------------------------------------------------------

	Need extra support ?
	--------------------
	You can contact me at http://www.mssti.com/phpbb3/]]></author-notes>
	
		<author-group>
			<author>
				<realname>Gabriel</realname>
				<username>leviatan21</username>
				<email>info@mssti.com</email>
				<homepage>http://www.mssti.com/phpbb3/</homepage>
			</author>
		</author-group>
		
		<mod-version>1.0.1</mod-version>

		<installation>
			<level>easy</level>
			<time>300</time>
			<target-version>3.0.4</target-version>
		</installation>

		<history>
			<entry>
				<date>2008-01-14</date>
				<rev-version>1.0.1</rev-version>
				<changelog lang="en">
					<change>[Fix] Some MOD TEAM suggestions</change>
					<change>[Fix] Bug with Registered users</change>
				</changelog>
			</entry>
			<entry>
				<date>2008-01-03</date>
				<rev-version>1.0.0</rev-version>
				<changelog lang="en">
					<change>Initial release</change>
				</changelog>
			</entry>
		</history>
	
		<link-group>
			<link type="template" href="subsilver2.xml" lang="en">subsilver2</link>
		</link-group>
	</header>

	<action-group>

		<copy>
			<file from="root/includes/function_quick_language.php" to="includes/function_quick_language.php" />
			<file from="root/styles/prosilver/template/ucp_quick_language.html" to="styles/prosilver/template/ucp_quick_language.html" />
		</copy>

		<open src="style.php">
			<edit>
				<find><![CDATA[	$user_image_lang = (file_exists($phpbb_root_path . 'styles/' . $theme['imageset_path'] . '/imageset/' . $user['user_lang'])) ? $user['user_lang'] : $config['default_lang'];]]></find>
				<action type="before-add"><![CDATA[
// MOD : MSSTI Quick Language (v1.0.1) - START
	if (!defined('IN_QUICK_LANGUAGE'))
	{
		include($phpbb_root_path . 'includes/function_quick_language.' . $phpEx);
	}
	$user['quick_language'] = quick_language::quick_language_setlang( $user['user_lang'], $user['user_id'], $config['cookie_name'] );
	// if the user change his language, update it 
	if ( $user['user_lang'] != $user['quick_language'] )
	{
		$user['user_lang']		= $user['quick_language'];
	}
// MOD : MSSTI Quick Language (v1.0.1) - END

]]></action>
			</edit>
		</open>

		<open src="ucp.php">
			<edit>
				<find><![CDATA[// We use this approach because it does not impose large code changes]]></find>
				<action type="before-add"><![CDATA[
// MOD : MSSTI Quick Language (v1.0.1) - START
if (!defined('IN_QUICK_LANGUAGE'))
{
	include($phpbb_root_path . 'includes/function_quick_language.' . $phpEx);
}
global $quick_language;
$quick_language->quick_language_switch();
// MOD : MSSTI Quick Language (v1.0.1) - END

]]></action>
			</edit>
		</open>

		<open src="includes/functions.php">
			<edit>
				<find><![CDATA[	// Send a proper content-language to the output]]></find>
				<action type="before-add"><![CDATA[
// MOD : MSSTI Quick Language (v1.0.1) - START
	if (!defined('IN_QUICK_LANGUAGE'))
	{
		include($phpbb_root_path . 'includes/function_quick_language.' . $phpEx);
	}
	global $quick_language;
	$quick_language->quick_language_select();
// MOD : MSSTI Quick Language (v1.0.1) - END

]]></action>
			</edit>
		</open>

		<open src="includes/session.php">
			<edit>
				<find><![CDATA[		// We include common language file here to not load it every time a custom language file is included]]></find>
				<action type="before-add"><![CDATA[
// MOD : MSSTI Quick Language (v1.0.1) - START
		if (!defined('IN_QUICK_LANGUAGE'))
		{
			include($phpbb_root_path . 'includes/function_quick_language.' . $phpEx);
		}
		$this->lang_name = $this->data['user_lang'] = $quick_language->quick_language_setlang( $this->lang_name, $this->data['user_id'], $config['cookie_name'] );
// MOD : MSSTI Quick Language (v1.0.1) - END

]]></action>
			</edit>
		</open>

		<open src="language/en/common.php">
			<edit>
				<find><![CDATA[	'FORUM_INDEX'			=> 'Board index',]]></find>
				<action type="after-add"><![CDATA[
// MOD : MSSTI Quick Language (v 1.0.1) - START
	'QUICK_LANGUAGE'			=> 'Language',
// MOD : MSSTI Quick Language (v 1.0.1) - END
]]></action>
				<comment lang="en">NOTE: You will have to make this change to ALL language you have installed. I use "en" as an example.</comment>
			</edit>
		</open>

		<open src="styles/prosilver/template/overall_header.html">
			<edit>
				<find><![CDATA[			<div id="search-box">]]></find>
				<action type="after-add"><![CDATA[
				<!-- IF not S_IS_BOT and S_QUICK_LANGUAGE --><!-- INCLUDE ucp_quick_language.html --><!-- ENDIF -->
]]></action>
				<comment lang="en">NOTE: You will have to make this change to ALL themes based off Prosilver you have installed. I use "prosilver" as an example.</comment>
			</edit>
		</open>

		<diy-instructions lang="en"><![CDATA[IMPORTANT !
	
Log on to Administration Control Panel

#####################################################################
A) Purge theme :

	A.1) Navigate to "STYLES" Tab.
	A.2) Under "STYLE COMPONENTS" click on "Templates".
	A.3) Under "Actions" click on "Refresh".
	A.4) in the next screen, click on "Yes". ( Repeat last 2 steps to each instaled style, based off Subsilver2 ).
	
#####################################################################
B) Clear cache :

	B.1) Navigate to "GENERAL" Tab.
	B.2) find "Purge the cache" click on "Run now".
	B.3) in the next screen, click on "Yes".

#####################################################################
C) Enjoy it !.		
]]></diy-instructions>
	</action-group>
</mod>