<?xml version="1.0" encoding="utf-8" standalone="yes" ?>
<?xml-stylesheet type="text/xsl" href="modx.prosilver.en.xsl"?>
<!--For security purposes, please check: http
://www.phpbb.com/mods/ for the latest version of this MOD. Although MODs are checked before being allowed in the MODs Database there is no guarantee that there are no security problems within the MOD. No support will be given for MODs not found within the MODs Database which can be found at http://www.phpbb.com/mods/-->
<mod xmlns:xsi="http://www.w3.org/2001/XMLSchema-instance" xmlns="http://www.phpbb.com/mods/xml/modx-1.2.2.xsd">
	<header>
		<license>http://opensource.org/licenses/gpl-license.php GNU General Public License v2</license>
		
		<title lang="en">MSSTI Quick Language</title>
		
		<description lang="en">Changes for Subsilver2 based off style </description>

		<author-notes lang="en"><![CDATA[You will have to make this change to ALL themes you have installed, based off Subsilver2. I use "Subsilver2" as an example.
	-------------------------------------------------------------------
	IMPORTANT !
	
	Before made any changes, makes sure your template is stored into "filesystem"
	    ACP -> STYLES -> STYLE COMPONENTS -> Templates : subsilver2 -> Details
	
	If you do not want to change from "Database" to "Filesystem",
	you must do next changes within your ACP :
	    ACP -> STYLES -> STYLE COMPONENTS -> Templates : subsilver2 -> Edit
	
	-------------------------------------------------------------------

	Need extra support ?
	--------------------
	You can contact me at http://www.mssti.com/phpbb3/]]></author-notes>
		
		<author-group>
			<author>
				<realname>Gabriel</realname>
				<username>leviatan21</username>
				<email>info@mssti.com</email>
				<homepage>http://www.mssti.com/phpbb3/</homepage>
			</author>
		</author-group>
		
		<mod-version>1.0.1</mod-version>
		
		<installation>
			<level>easy</level>
			<time>120</time>
			<target-version>3.0.4</target-version>
		</installation>

		<link-group>
			<link type="parent"  href="Install_MSSTI_Quick_Language.xml" lang="en">Code change</link>
		</link-group>
	</header>
	
	<action-group>
		<copy>
			<file from="root/styles/subsilver2/template/ucp_quick_language.html" to="styles/subsilver2/template/ucp_quick_language.html" />
		</copy>

		<open src="styles/subsilver2/template/overall_header.html">
			<edit>
				<find><![CDATA[		<table width="100%" cellspacing="0">
		<tr>
			<td><a href="{U_INDEX}">{SITE_LOGO_IMG}</a></td>
			<td width="100%" align="center"><h1>{SITENAME}</h1><span class="gen">{SITE_DESCRIPTION}</span></td>
		</tr>
		</table>]]></find>
				<action type="after-add"><![CDATA[
		<!-- IF not S_IS_BOT and S_QUICK_LANGUAGE --><!-- INCLUDE ucp_quick_language.html --><!-- ENDIF -->
]]></action>
				<comment lang="en">NOTE: You will have to make this change to ALL themes based off subsilver2 you have installed. I use "subsilver2" as an example.</comment>
			</edit>
		</open>

		<diy-instructions lang="en"><![CDATA[IMPORTANT !

#####################################################################
Log on to Administration Control Panel

#####################################################################
A) Purge the templates :

	A.1) Navigate to "Styles" Tab.
	A.2) Under "Style components " click on "Templates".
	A.3) Under "Actions" click on "Refresh".
	A.4) in the next screen, click on "Yes" ( Repeat last 2 steps to each instaled style, based off Subsilver2 ).
]]>
		</diy-instructions>
	</action-group>
</mod>
